{"cameraMode":{"drawMode":0,"name":"Shaded","section":"Shading Mode"},"sceneLighting":true,"audioPlay":false,"sceneViewState":{"m_AlwaysRefresh":false,"showFog":true,"showSkybox":true,"showFlares":true,"showImageEffects":true,"showParticleSystems":true,"showVisualEffectGraphs":true,"m_FxEnabled":true},"in2DMode":false,"pivot":{"x":-0.3686830699443817,"y":4.827718734741211,"z":0.629723072052002},"rotation":{"x":-0.12649454176425935,"y":-0.3149546682834625,"z":0.042397353798151019,"w":-0.9396843314170837},"size":11.879775047302246,"orthographic":false}